PostNumber,DiseaseId,DiseaseName,SymptomId,SymptomName,TreatmentId,TreatmentName,DrugId,DrugName,BodypartId,BodypartName
4,C0017168,Gastroesophageal reflux disease,,,,,,,,
4,,,C0023222,Pain in lower limb,,,,,,
4,,,C0746668,muscle pain chronic,,,,,,
4,,,C0030193,Pain,,,,,,
4,,,,,C3687832,DRUGS,,,,
8,C0158288,Spinal stenosis of lumbar region,,,,,,,,
8,,,C0150055,Chronic pain,,,,,,
8,,,C0030193,Pain,,,,,,
8,,,C0751372,Nerve Pain,,,,,,
8,,,,,,,,,C0230102,Lower back structure
8,,,,,,,,,C0022742,Knee
11,C3280240,"MICROCEPHALY, EPILEPSY, AND DIABETES SYNDROME",,,,,,,,
11,,,C0018681,Headache,,,,,,
11,,,C0040460,Toothache,,,,,,
11,,,C0030193,Pain,,,,,,
11,,,C0751372,Nerve Pain,,,,,,
11,,,,,C0027741,Nerve Block,,,,
11,,,,,C0185115,Extraction,,,,
11,,,,,,,,,C0017562,Gingiva
11,,,,,,,,,C0040426,Tooth structure
14,C0149931,Migraine Disorders,,,,,,,,
14,,,C0751372,Nerve Pain,,,,,,
21,C0038019,Spondylosis,,,,,,,,
21,,,C0030193,Pain,,,,,,
22,C0149931,Migraine Disorders,,,,,,,,
22,,,C0015644,Muscular fasciculation,,,,,,
22,,,C0751372,Nerve Pain,,,,,,
23,C0016053,Fibromyalgia,,,,,,,,
23,,,C0234238,Ache,,,,,,
23,,,C1291077,Abdominal bloating,,,,,,
23,,,C0018681,Headache,,,,,,
23,,,C0149738,neurological pain,,,,,,
24,C0017168,Gastroesophageal reflux disease,,,,,,,,
24,,,C0030193,Pain,,,,,,
26,C3280240,"MICROCEPHALY, EPILEPSY, AND DIABETES SYNDROME",,,,,,,,
29,C0011860,"Diabetes Mellitus, Non-Insulin-Dependent",,,,,,,,
29,,,C0030193,Pain,,,,,,
29,,,,,,,,,C0016504,Foot
30,C0752347,Lewy Body Disease,,,,,,,,
30,,,C0030193,Pain,,,,,,
30,,,,,,,,,C0006104,Brain
31,C0040997,Trigeminal Neuralgia,,,,,,,,
32,C0011847,Diabetes,,,,,,,,
32,,,C0028643,Numbness,,,,,,
32,,,C2242996,Has tingling sensation,,,,,,
32,,,C0030193,Pain,,,,,,
32,,,,,C0751363,natural remedies,,,,
32,,,,,,,,,C0018563,Hand
32,,,,,,,,,C0230393,Middle finger structure
33,C0041582,Ulcer,,,,,,,,
33,,,C0036572,Seizures,,,,,,
39,C0342895,Fish-Eye Disease,,,,,,,,
39,,,C0030193,Pain,,,,,,
39,,,C0751372,Nerve Pain,,,,,,
39,,,,,,,,,C0040426,Tooth structure
42,C3280240,"MICROCEPHALY, EPILEPSY, AND DIABETES SYNDROME",,,,,,,,
42,,,C0030193,Pain,,,,,,
50,C0035258,Restless Legs Syndrome,,,,,,,,
50,,,C0850630,tingling in fingers,,,,,,
50,,,C2242996,Has tingling sensation,,,,,,
50,,,C0030193,Pain,,,,,,
50,,,C0427008,Stiffness,,,,,,
50,,,C0004604,Back Pain,,,,,,
50,,,C0751372,Nerve Pain,,,,,,
50,,,,,C0188413,Operative procedure on foot,,,,
50,,,,,,,,,C0262950,Skeletal bone
50,,,,,,,,,C0016504,Foot
56,C0700594,Radiculopathy,,,,,,,,
56,,,C0028643,Numbness,,,,,,
56,,,C0557875,Tired,,,,,,
56,,,C0564823,Pain in right leg,,,,,,
56,,,,,C0027741,Nerve Block,,,,
56,,,,,C0196694,Nerve injection,,,,
56,,,,,C1533685,Injection procedure,,,,
56,,,,,C0002766,Pain management,,,,
56,,,,,,,,,C1280541,Entire nerve
56,,,,,,,,,C1556138,Disc - Body Part
56,,,,,,,,,C0016504,Foot
62,C0011882,Diabetic Neuropathies,,,,,,,,
62,,,C0085624,Burning sensation,,,,,,
62,,,C0231772,Burning feet,,,,,,
62,,,,,,,,,C0016504,Foot
66,C0032768,Postherpetic neuralgia,,,,,,,,
66,,,,,,,,,C0040426,Tooth structure
67,C3280240,"MICROCEPHALY, EPILEPSY, AND DIABETES SYNDROME",,,,,,,,
67,,,C0030193,Pain,,,,,,
67,,,C0751372,Nerve Pain,,,,,,
70,C0011119,Decompression Sickness,,,,,,,,
70,,,C0033774,Pruritus,,,,,,
70,,,C0030193,Pain,,,,,,
70,,,C0751372,Nerve Pain,,,,,,
70,,,,,C0200149,Ophthalmic examination and evaluation,,,,
70,,,,,,,,,C0015392,Eye
70,,,,,,,,,C1281591,Entire face
70,,,,,,,,,C0023317,"Lens, Crystalline"
70,,,,,,,,,C0016504,Foot
71,C0032768,Postherpetic neuralgia,,,,,,,,
71,,,C0033774,Pruritus,,,,,,
71,,,C0030193,Pain,,,,,,
71,,,C0027769,Nervousness,,,,,,
71,,,,,C1456647,Childhood Immunization,,,,
71,,,,,,,,,C1186983,anatomic valve
76,C0016053,Fibromyalgia,,,,,,,,
76,,,C0042963,Vomiting,,,,,,
76,,,C0596601,gastrointestinal gas,,,,,,
76,,,C0027497,Nausea,,,,,,
76,,,C0018681,Headache,,,,,,
76,,,C0030193,Pain,,,,,,
76,,,,,,,,,C1281590,Entire head
76,,,,,,,,,C0022742,Knee
76,,,,,,,,,C0038351,Stomach
76,,,,,,,,,C0016504,Foot
78,C0040997,Trigeminal Neuralgia,,,,,,,,
78,,,C0030193,Pain,,,,,,
78,,,,,,,,,C0040996,Trigeminal nerve structure
79,C0040997,Trigeminal Neuralgia,,,,,,,,
83,C0162429,Malnutrition,,,,,,,,
83,,,C0027796,Neuralgia,,,,,,
83,,,,,,,,,C1269078,Entire upper limb
95,C0041912,Upper Respiratory Infections,,,,,,,,
95,,,C0221423,Illness (finding),,,,,,
95,,,C0027497,Nausea,,,,,,
106,C0040997,Trigeminal Neuralgia,,,,,,,,
106,,,C0030193,Pain,,,,,,
117,C0040997,Trigeminal Neuralgia,,,,,,,,
117,,,C0012833,Dizziness,,,,,,
117,,,C0030193,Pain,,,,,,
118,C0032768,Postherpetic neuralgia,,,,,,,,
118,,,C0033774,Pruritus,,,,,,
118,,,,,,,,,C1281591,Entire face
118,,,,,,,,,C0521421,Entire ear
124,C0242350,Erectile dysfunction,,,,,,,,
128,C0442874,Neuropathy,,,,,,,,
128,,,C0557875,Tired,,,,,,
128,,,C0018681,Headache,,,,,,
129,C0021400,Influenza,,,,,,,,
129,,,C0028643,Numbness,,,,,,
129,,,C3714552,Weakness,,,,,,
129,,,C0427008,Stiffness,,,,,,
129,,,,,C0185908,Operative procedure on spine,,,,
129,,,,,,,,,C1280541,Entire nerve
139,C0003864,Arthritis,,,,,,,,
139,,,,,,,,,C0018563,Hand
139,,,,,,,,,C0016536,Forearm
142,C0442874,Neuropathy,,,,,,,,
146,C0011849,Diabetes Mellitus,,,,,,,,
146,,,C0150055,Chronic pain,,,,,,
146,,,C0751372,Nerve Pain,,,,,,
147,C0040997,Trigeminal Neuralgia,,,,,,,,
147,,,C0030193,Pain,,,,,,
152,C0017601,Glaucoma,,,,,,,,
152,,,C0027796,Neuralgia,,,,,,
157,C0040997,Trigeminal Neuralgia,,,,,,,,
160,C0019360,Herpes zoster disease,,,,,,,,
160,,,C0751372,Nerve Pain,,,,,,
160,,,,,C3687832,DRUGS,,,,
162,C0009443,Common Cold,,,,,,,,
162,,,C0027497,Nausea,,,,,,
172,C0221541,ruptured disk,,,,,,,,
172,,,C0240958,sciatic nerve pain,,,,,,
172,,,C0030193,Pain,,,,,,
172,,,,,C1456647,Childhood Immunization,,,,
172,,,,,C0021485,Injection of therapeutic agent,,,,
172,,,,,C0184661,Interventional procedure,,,,
172,,,,,C0812144,Medication administration: epidural,,,,
172,,,,,C0002766,Pain management,,,,
173,C0032768,Postherpetic neuralgia,,,,,,,,
173,,,C0012833,Dizziness,,,,,,
173,,,C0018681,Headache,,,,,,
173,,,C0030193,Pain,,,,,,
177,C3280240,"MICROCEPHALY, EPILEPSY, AND DIABETES SYNDROME",,,,,,,,
177,,,C0030193,Pain,,,,,,
177,,,,,,,,,C0015426,Eyelid structure
177,,,,,,,,,C1281591,Entire face
179,C0040997,Trigeminal Neuralgia,,,,,,,,
184,C1298685,Chronic pain syndrome,,,,,,,,
184,,,C0030193,Pain,,,,,,
184,,,C0751372,Nerve Pain,,,,,,
184,,,,,C0002766,Pain management,,,,
184,,,,,,,,,C1280541,Entire nerve
185,C0032768,Postherpetic neuralgia,,,,,,,,
185,,,C0741585,BODY ACHE,,,,,,
185,,,C0234230,"Pain, Burning",,,,,,
185,,,,,,,,,C0004895,Beak
185,,,,,,,,,C1269612,Entire upper arm
185,,,,,,,,,C0016504,Foot
197,C0021400,Influenza,,,,,,,,
197,,,C0221423,Illness (finding),,,,,,
197,,,C0042963,Vomiting,,,,,,
198,C1969653,MUNGAN SYNDROME,,,,,,,,
198,,,C0042963,Vomiting,,,,,,
202,C3280240,"MICROCEPHALY, EPILEPSY, AND DIABETES SYNDROME",,,,,,,,
202,,,C0087169,Withdrawal Symptoms,,,,,,
202,,,C0030193,Pain,,,,,,
202,,,,,C0679660,self hypnosis,,,,
202,,,,,C0814263,Meditation Therapy,,,,
202,,,,,C0679614,cold turkey,,,,
205,C0004135,Ataxia Telangiectasia,,,,,,,,
205,,,C0042963,Vomiting,,,,,,
205,,,C0027497,Nausea,,,,,,
208,C0270724,Infantile Neuroaxonal Dystrophy,,,,,,,,
213,C3280240,"MICROCEPHALY, EPILEPSY, AND DIABETES SYNDROME",,,,,,,,
219,C0014175,Endometriosis,,,,,,,,
219,,,,,,,,,C0042149,Uterus
222,C0033046,Premenstrual syndrome,,,,,,,,
222,,,C0026821,Muscle Cramp,,,,,,
222,,,,,C0021485,Injection of therapeutic agent,,,,
223,C0442874,Neuropathy,,,,,,,,
226,C0011847,Diabetes,,,,,,,,
229,C0026976,"Myelitis, Transverse",,,,,,,,
229,,,C0030193,Pain,,,,,,
229,,,C0751372,Nerve Pain,,,,,,
229,,,,,,,,,C0230446,Both lower legs
229,,,,,,,,,C0016504,Foot
229,,,,,,,,,C1268088,Lower body structure
230,C0004096,Asthma,,,,,,,,
230,,,C0030193,Pain,,,,,,
230,,,,,C1519433,Special Diet Therapy,,,,
230,,,,,C0002766,Pain management,,,,
230,,,,,,,,,C1283788,Entire spinal nerve
231,C0019360,Herpes zoster disease,,,,,,,,
231,,,C0235108,Feeling tense,,,,,,
231,,,C0030193,Pain,,,,,,
231,,,C0740396,chest burning,,,,,,
231,,,,,C0949766,Physical therapy,,,,
231,,,,,C0196716,Local anesthetic intercostal nerve block,,,,
231,,,,,C0002766,Pain management,,,,
231,,,,,C0850292,radiofrequency ablation,,,,
231,,,,,,,,,C1280541,Entire nerve
238,C0003864,Arthritis,,,,,,,,
238,,,,,C0086511,Knee Replacement Arthroplasty (procedure),,,,
238,,,,,,,,,C0022742,Knee
240,C0029408,Degenerative polyarthritis,,,,,,,,
240,,,C0917801,Sleeplessness,,,,,,
240,,,C0392674,Exhaustion,,,,,,
240,,,,,,,,,C0230102,Lower back structure
242,C0347950,Asthma attack,,,,,,,,
242,,,C0003862,Arthralgia,,,,,,
242,,,C0030193,Pain,,,,,,
242,,,,,C1306232,Severing,,,,
242,,,,,,,,,C0262950,Skeletal bone
243,C0029408,Degenerative polyarthritis,,,,,,,,
243,,,,,,,,,C1552158,Supernumerary mandibular right central primary incisor
245,C0029408,Degenerative polyarthritis,,,,,,,,
245,,,C0003862,Arthralgia,,,,,,
245,,,,,,,,,C0521421,Entire ear
246,C0029408,Degenerative polyarthritis,,,,,,,,
246,,,C0030193,Pain,,,,,,
248,C0029408,Degenerative polyarthritis,,,,,,,,
248,,,C0003862,Arthralgia,,,,,,
248,,,C0027497,Nausea,,,,,,
248,,,C0015672,Fatigue,,,,,,
248,,,C0581880,Morning headache,,,,,,
248,,,C0030193,Pain,,,,,,
248,,,,,,,,,C1305417,Entire elbow region
248,,,,,,,,,C0022742,Knee
248,,,,,,,,,C0016504,Foot
249,C0029408,Degenerative polyarthritis,,,,,,,,
249,,,C0018834,Heartburn,,,,,,
249,,,C0751295,Memory Loss,,,,,,
252,C0016053,Fibromyalgia,,,,,,,,
252,,,C0026821,Muscle Cramp,,,,,,
252,,,C0030193,Pain,,,,,,
256,C0019159,Hepatitis A,,,,,,,,
256,,,,,,,,,C0230102,Lower back structure
268,C0029408,Degenerative polyarthritis,,,,,,,,
268,,,C0557875,Tired,,,,,,
268,,,C0030193,Pain,,,,,,
268,,,C0392674,Exhaustion,,,,,,
268,,,,,C0441513,Surgical construction,,,,
271,C0019202,Hepatolenticular Degeneration,,,,,,,,
273,C0270724,Infantile Neuroaxonal Dystrophy,,,,,,,,
273,,,C0011991,Diarrhea,,,,,,
273,,,C0557875,Tired,,,,,,
273,,,C0030193,Pain,,,,,,
277,C0028754,Obesity,,,,,,,,
277,,,,,C1513378,Modest-Temperature Hyperthermia,,,,
279,C3280240,"MICROCEPHALY, EPILEPSY, AND DIABETES SYNDROME",,,,,,,,
279,,,C0030193,Pain,,,,,,
279,,,,,C0746569,methadone treatment,,,,
279,,,,,C0002903,Anesthesia procedures,,,,
280,C0028754,Obesity,,,,,,,,
280,,,C0232462,Decrease in appetite,,,,,,
280,,,,,C2985296,Hormonal Contraception,,,,
282,C0028754,Obesity,,,,,,,,
284,C0028754,Obesity,,,,,,,,
284,,,,,C0920298,Weight maintenance regimen,,,,
285,C0028754,Obesity,,,,,,,,
286,C0029408,Degenerative polyarthritis,,,,,,,,
291,C0149931,Migraine Disorders,,,,,,,,
291,,,C0016204,Flatulence,,,,,,
291,,,C0497406,Overweight,,,,,,
300,C3280240,"MICROCEPHALY, EPILEPSY, AND DIABETES SYNDROME",,,,,,,,
300,,,C0221512,Stomach ache,,,,,,
300,,,C0015672,Fatigue,,,,,,
300,,,C3714552,Weakness,,,,,,
300,,,,,,,,,C4048756,Right arm
301,C0029408,Degenerative polyarthritis,,,,,,,,
301,,,C0009806,Constipation,,,,,,
301,,,C0150055,Chronic pain,,,,,,
301,,,C0030193,Pain,,,,,,
301,,,,,C0452240,Physical therapy exercises,,,,
301,,,,,C0185060,Crushing procedure,,,,
301,,,,,C0086153,Dietary Modification,,,,
301,,,,,C0394664,Acupuncture procedure,,,,
301,,,,,C0849164,blood medications,,,,
301,,,,,,,,,C1305417,Entire elbow region
301,,,,,,,,,C1269612,Entire upper arm
301,,,,,,,,,C0019552,Hip structure
301,,,,,,,,,C0022742,Knee
301,,,,,,,,,C1556138,Disc - Body Part
301,,,,,,,,,C0262950,Skeletal bone
302,C0029408,Degenerative polyarthritis,,,,,,,,
302,,,C0557875,Tired,,,,,,
302,,,C0030193,Pain,,,,,,
303,C0003864,Arthritis,,,,,,,,
303,,,C2129214,Loose stool,,,,,,
303,,,,,,,,,C1281592,Entire neck
304,C0029408,Degenerative polyarthritis,,,,,,,,
305,C0029408,Degenerative polyarthritis,,,,,,,,
305,,,C0150055,Chronic pain,,,,,,
305,,,C0030193,Pain,,,,,,
306,C0149931,Migraine Disorders,,,,,,,,
306,,,C0007859,Neck Pain,,,,,,
306,,,C0018681,Headache,,,,,,
306,,,,,C0027741,Nerve Block,,,,
306,,,,,C0184661,Interventional procedure,,,,
306,,,,,C0002903,Anesthesia procedures,,,,
306,,,,,,,,,C1281590,Entire head
306,,,,,,,,,C1267072,Entire vertebral column
307,C0028754,Obesity,,,,,,,,
307,,,,,C0077966,VACA protocol,,,,
310,C0029408,Degenerative polyarthritis,,,,,,,,
310,,,C0037763,Spasm,,,,,,
310,,,C0030193,Pain,,,,,,
310,,,,,C1293131,Fusion procedure,,,,
310,,,,,C0005976,Bone Transplantation,,,,
310,,,,,,,,,C0019552,Hip structure
310,,,,,,,,,C0549207,Bone structure of spine
315,C0586735,Osteoarthritis of foot joint,,,,,,,,
315,,,,,,,,,C0022742,Knee
315,,,,,,,,,C1281592,Entire neck
317,C0263854,Cervical arthritis,,,,,,,,
317,,,C2957106,headache severe,,,,,,
318,C0029408,Degenerative polyarthritis,,,,,,,,
321,C0029408,Degenerative polyarthritis,,,,,,,,
321,,,,,,,,,C1269613,Entire thumb
321,,,,,,,,,C0230393,Middle finger structure
321,,,,,,,,,C1288949,Entire left hand
322,C0007570,Celiac Disease,,,,,,,,
322,,,C0042963,Vomiting,,,,,,
322,,,,,,,C2916901,Dicyclomine Hydrochloride 20 MG,,
326,C3280240,"MICROCEPHALY, EPILEPSY, AND DIABETES SYNDROME",,,,,,,,
326,,,C0030193,Pain,,,,,,
326,,,,,C0741419,back surgery,,,,
331,C0262633,Shoulder tendinitis,,,,,,,,
331,,,,,C0392879,infusion of cortisone,,,,
331,,,,,C0949766,Physical therapy,,,,
331,,,,,C0087111,Therapeutic procedure,,,,
335,C0270724,Infantile Neuroaxonal Dystrophy,,,,,,,,
335,,,,,,,,,C1269537,Entire brain
335,,,,,,,,,C1281591,Entire face
341,C0810269,other headache,,,,,,,,
341,,,C0042963,Vomiting,,,,,,
341,,,C0027497,Nausea,,,,,,
341,,,C0018681,Headache,,,,,,
341,,,C0917801,Sleeplessness,,,,,,
342,C0032994,"Pregnancy, Tubal",,,,,,,,
342,,,C0026821,Muscle Cramp,,,,,,
342,,,,,C0700589,Contraceptive methods,,,,
342,,,,,C0032042,Placebos,,,,
343,C1535939,Pneumocystis jiroveci pneumonia,,,,,,,,
343,,,C0027769,Nervousness,,,,,,
356,C3280240,"MICROCEPHALY, EPILEPSY, AND DIABETES SYNDROME",,,,,,,,
356,,,C0026821,Muscle Cramp,,,,,,
356,,,C0030193,Pain,,,,,,
356,,,C0234255,Night pain,,,,,,
356,,,,,C0600080,Stretching exercises,,,,
357,C3280240,"MICROCEPHALY, EPILEPSY, AND DIABETES SYNDROME",,,,,,,,
357,,,C0030193,Pain,,,,,,
357,,,,,C3687832,DRUGS,,,,
357,,,,,,,,,C0040426,Tooth structure
360,C0041912,Upper Respiratory Infections,,,,,,,,
360,,,C0557875,Tired,,,,,,
360,,,C0600142,Hot flushes,,,,,,
361,C3280240,"MICROCEPHALY, EPILEPSY, AND DIABETES SYNDROME",,,,,,,,
361,,,C0231528,Myalgia,,,,,,
361,,,C0030193,Pain,,,,,,
361,,,C0751372,Nerve Pain,,,,,,
365,C0029408,Degenerative polyarthritis,,,,,,,,
365,,,,,C1456647,Childhood Immunization,,,,
365,,,,,C0021485,Injection of therapeutic agent,,,,
365,,,,,,,,,C0423866,Lanugo
366,C0029408,Degenerative polyarthritis,,,,,,,,
366,,,C0234238,Ache,,,,,,
366,,,C0427008,Stiffness,,,,,,
366,,,C0030193,Pain,,,,,,
366,,,,,C0392920,Chemotherapy Regimen,,,,
366,,,,,C0085203,Radiosurgery,,,,
367,C0016053,Fibromyalgia,,,,,,,,
367,,,C0037763,Spasm,,,,,,
367,,,C0026821,Muscle Cramp,,,,,,
367,,,C0040822,Tremor,,,,,,
367,,,C0151786,Muscle Weakness,,,,,,
367,,,,,,,,,C0581753,Muscle structure of foot
367,,,,,,,,,C0870018,Ankle+Foot
367,,,,,,,,,C1995013,Set of muscles
368,C0029408,Degenerative polyarthritis,,,,,,,,
371,C0270724,Infantile Neuroaxonal Dystrophy,,,,,,,,
371,,,C0015672,Fatigue,,,,,,
372,C0029408,Degenerative polyarthritis,,,,,,,,
372,,,C0234238,Ache,,,,,,
372,,,C0030193,Pain,,,,,,
373,C0029408,Degenerative polyarthritis,,,,,,,,
373,,,C0231749,Knee pain,,,,,,
373,,,C0030193,Pain,,,,,,
373,,,,,C0454348,Back exercises,,,,
375,C0028754,Obesity,,,,,,,,
375,,,C0037011,Shoulder Pain,,,,,,
375,,,C0030193,Pain,,,,,,
375,,,,,,,,,C1278920,Entire stomach
375,,,,,,,,,C1269612,Entire upper arm
375,,,,,,,,,C0019552,Hip structure
376,C0029408,Degenerative polyarthritis,,,,,,,,
376,,,C0009806,Constipation,,,,,,
376,,,C0087169,Withdrawal Symptoms,,,,,,
380,C0035258,Restless Legs Syndrome,,,,,,,,
380,,,,,C0679614,cold turkey,,,,
381,C0029408,Degenerative polyarthritis,,,,,,,,
381,,,C0003862,Arthralgia,,,,,,
381,,,C0019559,Hip pain,,,,,,
381,,,C0231528,Myalgia,,,,,,
381,,,,,C2709207,Rx therapy,,,,
389,C0029408,Degenerative polyarthritis,,,,,,,,
389,,,C0563275,Right sided chest pain,,,,,,
389,,,C0019559,Hip pain,,,,,,
389,,,C0151825,Bone pain,,,,,,
389,,,C0042963,Vomiting,,,,,,
389,,,C0027497,Nausea,,,,,,
389,,,C0018681,Headache,,,,,,
389,,,,,,,,,C0023884,Liver
393,C0029408,Degenerative polyarthritis,,,,,,,,
393,,,C0857177,arthritic pains,,,,,,
394,C0149931,Migraine Disorders,,,,,,,,
394,,,C0008031,Chest Pain,,,,,,
394,,,C0012833,Dizziness,,,,,,
394,,,,,,,,,C1184743,bony process
395,C3280240,"MICROCEPHALY, EPILEPSY, AND DIABETES SYNDROME",,,,,,,,
397,C3280240,"MICROCEPHALY, EPILEPSY, AND DIABETES SYNDROME",,,,,,,,
398,C0028754,Obesity,,,,,,,,
399,C0149931,Migraine Disorders,,,,,,,,
399,,,C0557875,Tired,,,,,,
399,,,C0012833,Dizziness,,,,,,
399,,,,,,,,,C0227192,Inferior esophageal sphincter structure
402,C0149931,Migraine Disorders,,,,,,,,
403,C0149931,Migraine Disorders,,,,,,,,
403,,,,,,,,,C1281591,Entire face
408,C1969653,MUNGAN SYNDROME,,,,,,,,
408,,,C0221423,Illness (finding),,,,,,
408,,,,,C0087111,Therapeutic procedure,,,,
409,C0029408,Degenerative polyarthritis,,,,,,,,
409,,,C0033774,Pruritus,,,,,,
409,,,C0030193,Pain,,,,,,
409,,,,,C1293131,Fusion procedure,,,,
409,,,,,C0741419,back surgery,,,,
409,,,,,,,,,C4048756,Right arm
412,C0014544,Epilepsy,,,,,,,,
412,,,,,C1142085,Migraine prophylaxis,,,,
415,C0022650,Kidney Calculi,,,,,,,,
415,,,,,C0152277,Incision and drainage,,,,
416,C3280240,"MICROCEPHALY, EPILEPSY, AND DIABETES SYNDROME",,,,,,,,
416,,,C0581880,Morning headache,,,,,,
416,,,C0018681,Headache,,,,,,
416,,,,,,,,,C1281590,Entire head
424,C0149931,Migraine Disorders,,,,,,,,
424,,,,,,,,,C0023884,Liver
424,,,,,,,,,C0022646,Kidney
426,C0149931,Migraine Disorders,,,,,,,,
426,,,C0009806,Constipation,,,,,,
426,,,C0401149,Chronic constipation,,,,,,
433,C0149931,Migraine Disorders,,,,,,,,
433,,,,,C1142085,Migraine prophylaxis,,,,
442,C0149931,Migraine Disorders,,,,,,,,
442,,,C0030193,Pain,,,,,,
442,,,,,C0152277,Incision and drainage,,,,
442,,,,,C1519433,Special Diet Therapy,,,,
442,,,,,C1522704,Exercise Pain Management,,,,
442,,,,,,,,,C1281590,Entire head
446,C0149931,Migraine Disorders,,,,,,,,
446,,,C0344232,Blurred vision,,,,,,
446,,,,,C0021485,Injection of therapeutic agent,,,,
446,,,,,,,,,C0015420,Eyebrow structure
447,C3714506,Meckel syndrome type 1,,,,,,,,
447,,,C0087169,Withdrawal Symptoms,,,,,,
447,,,C0231218,Malaise,,,,,,
447,,,C0030193,Pain,,,,,,
447,,,,,,,,,C1281591,Entire face
447,,,,,,,,,C0042449,Veins
449,C0149931,Migraine Disorders,,,,,,,,
449,,,,,C1142085,Migraine prophylaxis,,,,
450,C3280240,"MICROCEPHALY, EPILEPSY, AND DIABETES SYNDROME",,,,,,,,
450,,,C0557875,Tired,,,,,,
460,C0149931,Migraine Disorders,,,,,,,,
460,,,C0751295,Memory Loss,,,,,,
463,C0028754,Obesity,,,,,,,,
470,C0796068,Oculodigitoesophagoduodenal syndrome,,,,,,,,
470,,,C0009806,Constipation,,,,,,
471,C1969653,MUNGAN SYNDROME,,,,,,,,
472,C0149931,Migraine Disorders,,,,,,,,
478,C0035258,Restless Legs Syndrome,,,,,,,,
478,,,,,,,,,C0006104,Brain
487,C0149931,Migraine Disorders,,,,,,,,
487,,,C0018681,Headache,,,,,,
490,C0014175,Endometriosis,,,,,,,,
490,,,C0030193,Pain,,,,,,
492,C0423086,Staring,,,,,,,,
492,,,C0000737,Abdominal Pain,,,,,,
492,,,,,C1306232,Severing,,,,
492,,,,,C0392535,Induced abortion (procedure),,,,
494,C0021400,Influenza,,,,,,,,
494,,,C0221423,Illness (finding),,,,,,
494,,,,,,,,,C0229967,Structure of left half of body
501,C0599750,hormone deficiency,,,,,,,,
503,C0017168,Gastroesophageal reflux disease,,,,,,,,
503,,,C0030193,Pain,,,,,,
504,C0149931,Migraine Disorders,,,,,,,,
508,C0003864,Arthritis,,,,,,,,
508,,,C0231528,Myalgia,,,,,,
508,,,C0030193,Pain,,,,,,
516,C0029408,Degenerative polyarthritis,,,,,,,,
516,,,C0030193,Pain,,,,,,
516,,,C0683369,Clouded consciousness,,,,,,
517,C0029408,Degenerative polyarthritis,,,,,,,,
517,,,C0036396,Sciatica,,,,,,
517,,,C0701824,Staggering gait,,,,,,
517,,,C0151825,Bone pain,,,,,,
517,,,C0030193,Pain,,,,,,
517,,,C0392674,Exhaustion,,,,,,
517,,,,,C0684199,Homeopathy,,,,
517,,,,,C1456647,Childhood Immunization,,,,
517,,,,,C0949766,Physical therapy,,,,
517,,,,,C0021485,Injection of therapeutic agent,,,,
517,,,,,C0394664,Acupuncture procedure,,,,
517,,,,,,,,,C0230102,Lower back structure
517,,,,,,,,,C0018787,Heart
517,,,,,,,,,C1280541,Entire nerve
517,,,,,,,,,C0015815,Structure of neck of femur
517,,,,,,,,,C0019552,Hip structure
517,,,,,,,,,C0015811,Femur
517,,,,,,,,,C0037949,Vertebral column
517,,,,,,,,,C0817319,Right femur
517,,,,,,,,,C1281592,Entire neck
517,,,,,,,,,C0262950,Skeletal bone
518,C0029408,Degenerative polyarthritis,,,,,,,,
518,,,C0030193,Pain,,,,,,
519,C3280240,"MICROCEPHALY, EPILEPSY, AND DIABETES SYNDROME",,,,,,,,
519,,,C0234238,Ache,,,,,,
519,,,C0231528,Myalgia,,,,,,
519,,,C0030193,Pain,,,,,,
519,,,C0004604,Back Pain,,,,,,
519,,,,,C1306232,Severing,,,,
519,,,,,,,,,C0224334,Skeletal muscle structure of back
519,,,,,,,,,C1280541,Entire nerve
520,C0029408,Degenerative polyarthritis,,,,,,,,
521,C0003864,Arthritis,,,,,,,,
521,,,C0015230,Exanthema,,,,,,
521,,,C0033774,Pruritus,,,,,,
521,,,,,,,,,C0040357,Toes
521,,,,,,,,,C1279118,Entire tibia
523,C0016053,Fibromyalgia,,,,,,,,
523,,,C0150055,Chronic pain,,,,,,
523,,,C0917801,Sleeplessness,,,,,,
524,C0029408,Degenerative polyarthritis,,,,,,,,
524,,,,,,,,,C0230102,Lower back structure
525,C0037199,Sinusitis,,,,,,,,
525,,,C0003862,Arthralgia,,,,,,
525,,,C0030193,Pain,,,,,,
527,C0029408,Degenerative polyarthritis,,,,,,,,
527,,,C0007859,Neck Pain,,,,,,
527,,,,,C3687832,DRUGS,,,,
527,,,,,,,,,C1281592,Entire neck
530,C0277556,Recurrent disease,,,,,,,,
530,,,C0030193,Pain,,,,,,
532,C0029408,Degenerative polyarthritis,,,,,,,,
534,C0029408,Degenerative polyarthritis,,,,,,,,
534,,,C0003862,Arthralgia,,,,,,
534,,,,,,,,,C0230102,Lower back structure
534,,,,,,,,,C0022742,Knee
534,,,,,,,,,C0019552,Hip structure
538,C3280240,"MICROCEPHALY, EPILEPSY, AND DIABETES SYNDROME",,,,,,,,
538,,,C0012833,Dizziness,,,,,,
538,,,C0231617,Catch - Finding of sensory dimension of pain,,,,,,
538,,,C3714552,Weakness,,,,,,
538,,,C0220870,Lightheadedness,,,,,,
538,,,,,C0087111,Therapeutic procedure,,,,
538,,,,,,,,,C1281590,Entire head
538,,,,,,,,,C1280698,Entire throat (surface region of neck)
539,C3280240,"MICROCEPHALY, EPILEPSY, AND DIABETES SYNDROME",,,,,,,,
539,,,C0030193,Pain,,,,,,
543,C0009443,Common Cold,,,,,,,,
543,,,C0221423,Illness (finding),,,,,,
543,,,C0037088,Signs and Symptoms,,,,,,
543,,,C0040822,Tremor,,,,,,
543,,,C1321587,Breathing abnormally deep,,,,,,
543,,,,,C0751715,Reiki,,,,
543,,,,,C1883583,Yoga,,,,
543,,,,,C1522704,Exercise Pain Management,,,,
543,,,,,,,,,C0018563,Hand
543,,,,,,,,,C1318154,Root body part
544,C3280240,"MICROCEPHALY, EPILEPSY, AND DIABETES SYNDROME",,,,,,,,
544,,,C0221423,Illness (finding),,,,,,
544,,,C0150055,Chronic pain,,,,,,
544,,,C0030193,Pain,,,,,,
548,C0012634,Disease,,,,,,,,
548,,,C2126231,light bleeding between periods (symptom),,,,,,
548,,,,,C0184661,Interventional procedure,,,,
548,,,,,C0021485,Injection of therapeutic agent,,,,
548,,,,,,,,,C0423866,Lanugo
555,C0001144,Acne Vulgaris,,,,,,,,
555,,,C0015672,Fatigue,,,,,,
555,,,C1291077,Abdominal bloating,,,,,,
555,,,,,C0700589,Contraceptive methods,,,,
560,C0004135,Ataxia Telangiectasia,,,,,,,,
560,,,C0042963,Vomiting,,,,,,
560,,,C0027497,Nausea,,,,,,
560,,,C1443924,Severe diarrhea,,,,,,
560,,,C0474496,"Diarrhea and vomiting, symptom",,,,,,
560,,,,,,,C0206948,gatorade,,
560,,,,,,,,,C1278920,Entire stomach
568,C0423086,Staring,,,,,,,,
568,,,C0234238,Ache,,,,,,
568,,,C1704276,Spasmodic movement,,,,,,
568,,,C0087169,Withdrawal Symptoms,,,,,,
568,,,C0085631,Agitation,,,,,,
568,,,C0150055,Chronic pain,,,,,,
568,,,C0030193,Pain,,,,,,
568,,,C0040822,Tremor,,,,,,
568,,,C0004604,Back Pain,,,,,,
568,,,C0392674,Exhaustion,,,,,,
568,,,,,C0040808,Treatment Protocols,,,,
568,,,,,C0679614,cold turkey,,,,
568,,,,,,,C0678431,cough syrup,,
568,,,,,,,,,C0018563,Hand
568,,,,,,,,,C1184743,bony process
568,,,,,,,,,C0006104,Brain
575,C1969653,MUNGAN SYNDROME,,,,,,,,
576,C3280240,"MICROCEPHALY, EPILEPSY, AND DIABETES SYNDROME",,,,,,,,
581,C0019202,Hepatolenticular Degeneration,,,,,,,,
581,,,C0221423,Illness (finding),,,,,,
585,C0035258,Restless Legs Syndrome,,,,,,,,
585,,,C0557875,Tired,,,,,,
585,,,C0231218,Malaise,,,,,,
585,,,,,,,,,C0018787,Heart
587,C0029408,Degenerative polyarthritis,,,,,,,,
588,C3280240,"MICROCEPHALY, EPILEPSY, AND DIABETES SYNDROME",,,,,,,,
588,,,C0042963,Vomiting,,,,,,
588,,,C0018681,Headache,,,,,,
588,,,C0234233,Sore to touch,,,,,,
588,,,,,,,,,C0006104,Brain
588,,,,,,,,,C0016504,Foot
602,C0028754,Obesity,,,,,,,,
602,,,C0087169,Withdrawal Symptoms,,,,,,
602,,,C0857027,Feeling Sick,,,,,,
602,,,,,,,,,C1281590,Entire head
607,C0028754,Obesity,,,,,,,,
607,,,C0848241,weight problem,,,,,,
610,C0004135,Ataxia Telangiectasia,,,,,,,,
610,,,C0020175,Hunger,,,,,,
610,,,C0086132,Depressive Symptoms,,,,,,
611,C0028754,Obesity,,,,,,,,
612,C0028754,Obesity,,,,,,,,
613,C0006277,Bronchitis,,,,,,,,
613,,,C0036572,Seizures,,,,,,
613,,,C0221423,Illness (finding),,,,,,
613,,,,,C0152277,Incision and drainage,,,,
613,,,,,C0184967,Insertion of pack (procedure),,,,
621,C0028754,Obesity,,,,,,,,
621,,,C0027497,Nausea,,,,,,
625,C0028754,Obesity,,,,,,,,
626,C0001144,Acne Vulgaris,,,,,,,,
626,,,C0042963,Vomiting,,,,,,
626,,,C0027497,Nausea,,,,,,
626,,,C0030193,Pain,,,,,,
626,,,C0238741,Upper back pain,,,,,,
629,C0017168,Gastroesophageal reflux disease,,,,,,,,
629,,,C0042963,Vomiting,,,,,,
629,,,,,,,,,C0018494,Hair
629,,,,,,,,,C1281592,Entire neck
630,C0004135,Ataxia Telangiectasia,,,,,,,,
630,,,C0042963,Vomiting,,,,,,
634,C0004135,Ataxia Telangiectasia,,,,,,,,
634,,,C0028084,Nightmares,,,,,,
634,,,,,C0749734,tummy tuck,,,,
634,,,,,C0452410,Balanced diet,,,,
634,,,,,C1318456,Cosmetic surgery,,,,
634,,,,,C1522704,Exercise Pain Management,,,,
634,,,,,,,,,C0040132,Thyroid Gland
638,C0014518,Toxic Epidermal Necrolysis,,,,,,,,
638,,,C0036572,Seizures,,,,,,
638,,,C0042963,Vomiting,,,,,,
638,,,C0000737,Abdominal Pain,,,,,,
638,,,C0027497,Nausea,,,,,,
638,,,,,,,,,C1278920,Entire stomach
643,C3665488,Familial Osteochondritis Dissecans,,,,,,,,
643,,,C0042963,Vomiting,,,,,,
643,,,C0027497,Nausea,,,,,,
643,,,,,C3687832,DRUGS,,,,
645,C3280240,"MICROCEPHALY, EPILEPSY, AND DIABETES SYNDROME",,,,,,,,
645,,,,,C0009244,Cognitive Therapy,,,,
645,,,,,,,,,C1184743,bony process
646,C0031350,Pharyngitis,,,,,,,,
646,,,C0741585,BODY ACHE,,,,,,
646,,,C0242429,Sore Throat,,,,,,
646,,,C0018681,Headache,,,,,,
646,,,C0004604,Back Pain,,,,,,
646,,,C0917801,Sleeplessness,,,,,,
646,,,,,,,,,C0040408,Tongue
649,C2697368,Gastrointestinal irritation,,,,,,,,
649,,,C0235309,Upset stomach,,,,,,
649,,,,,C0152277,Incision and drainage,,,,
654,C0003864,Arthritis,,,,,,,,
654,,,C0011991,Diarrhea,,,,,,
654,,,C0557875,Tired,,,,,,
654,,,C0027497,Nausea,,,,,,
654,,,C0847554,lump in throat,,,,,,
654,,,C0917801,Sleeplessness,,,,,,
654,,,C0344232,Blurred vision,,,,,,
654,,,C0027769,Nervousness,,,,,,
654,,,,,C0152054,Therapeutic tactile stimulation,,,,
654,,,,,,,,,C0023759,Lip structure
654,,,,,,,,,C1281591,Entire face
654,,,,,,,,,C0022359,Jaw
655,C3280240,"MICROCEPHALY, EPILEPSY, AND DIABETES SYNDROME",,,,,,,,
655,,,C0015672,Fatigue,,,,,,
655,,,C0392674,Exhaustion,,,,,,
656,C3280240,"MICROCEPHALY, EPILEPSY, AND DIABETES SYNDROME",,,,,,,,
656,,,C0015644,Muscular fasciculation,,,,,,
656,,,C0037763,Spasm,,,,,,
656,,,C0917801,Sleeplessness,,,,,,
656,,,,,,,,,C0230347,Left upper arm structure
656,,,,,,,,,C0229962,Body part
670,C0007570,Celiac Disease,,,,,,,,
670,,,C0221423,Illness (finding),,,,,,
670,,,C0023218,Leg cramps,,,,,,
678,C3280240,"MICROCEPHALY, EPILEPSY, AND DIABETES SYNDROME",,,,,,,,
687,C1969653,MUNGAN SYNDROME,,,,,,,,
688,C0242350,Erectile dysfunction,,,,,,,,
688,,,,,C0087111,Therapeutic procedure,,,,
690,C0024586,Malignant Carcinoid Syndrome,,,,,,,,
690,,,,,C3687832,DRUGS,,,,
693,C1868649,PANIC DISORDER 1,,,,,,,,
698,C3280240,"MICROCEPHALY, EPILEPSY, AND DIABETES SYNDROME",,,,,,,,
699,C0003123,Anorexia,,,,,,,,
700,C0016053,Fibromyalgia,,,,,,,,
700,,,C0030193,Pain,,,,,,
703,C0270724,Infantile Neuroaxonal Dystrophy,,,,,,,,
703,,,C0027497,Nausea,,,,,,
703,,,C0012833,Dizziness,,,,,,
703,,,C0086132,Depressive Symptoms,,,,,,
703,,,,,,,C0986112,Fluoxetine 20 MG,,
706,C0024586,Malignant Carcinoid Syndrome,,,,,,,,
711,C3280240,"MICROCEPHALY, EPILEPSY, AND DIABETES SYNDROME",,,,,,,,
711,,,C0557875,Tired,,,,,,
711,,,C0150055,Chronic pain,,,,,,
711,,,C0027769,Nervousness,,,,,,
713,C3280240,"MICROCEPHALY, EPILEPSY, AND DIABETES SYNDROME",,,,,,,,
713,,,C0557875,Tired,,,,,,
713,,,C0085631,Agitation,,,,,,
713,,,C0849963,Feeling nervous,,,,,,
713,,,C0848283,rundown,,,,,,
713,,,C0086132,Depressive Symptoms,,,,,,
713,,,,,,,,,C1184743,bony process
715,C3280240,"MICROCEPHALY, EPILEPSY, AND DIABETES SYNDROME",,,,,,,,
715,,,,,C0419522,Contraceptive diaphragm check (procedure),,,,
722,C3280240,"MICROCEPHALY, EPILEPSY, AND DIABETES SYNDROME",,,,,,,,
722,,,,,C0087111,Therapeutic procedure,,,,
727,C1868649,PANIC DISORDER 1,,,,,,,,
740,C3280240,"MICROCEPHALY, EPILEPSY, AND DIABETES SYNDROME",,,,,,,,
740,,,C0085631,Agitation,,,,,,
740,,,C0018681,Headache,,,,,,
740,,,C0085593,Chills,,,,,,
745,C0270736,Essential Tremor,,,,,,,,
745,,,C0557875,Tired,,,,,,
745,,,C0040822,Tremor,,,,,,
745,,,,,C3687832,DRUGS,,,,
751,C0268621,Hepatic methionine adenosyltransferase deficiency,,,,,,,,
751,,,C0016204,Flatulence,,,,,,
751,,,C0557875,Tired,,,,,,
751,,,C0030193,Pain,,,,,,
751,,,,,C1303150,Disease management program (regime/therapy),,,,
751,,,,,,,,,C1552124,Supernumerary maxillary left lateral incisor
752,C3280240,"MICROCEPHALY, EPILEPSY, AND DIABETES SYNDROME",,,,,,,,
752,,,C0234238,Ache,,,,,,
752,,,C0033774,Pruritus,,,,,,
752,,,C0917801,Sleeplessness,,,,,,
752,,,,,,,,,C0262950,Skeletal bone
753,C1969653,MUNGAN SYNDROME,,,,,,,,
753,,,C0221423,Illness (finding),,,,,,
755,C3280240,"MICROCEPHALY, EPILEPSY, AND DIABETES SYNDROME",,,,,,,,
755,,,C1260880,Rhinorrhea,,,,,,
755,,,C0221423,Illness (finding),,,,,,
755,,,C0741585,BODY ACHE,,,,,,
755,,,C0015672,Fatigue,,,,,,
755,,,C0231218,Malaise,,,,,,
755,,,C0030193,Pain,,,,,,
755,,,,,,,,,C0006104,Brain
762,C0028754,Obesity,,,,,,,,
762,,,,,C0700589,Contraceptive methods,,,,
762,,,,,C0021485,Injection of therapeutic agent,,,,
762,,,,,,,,,C0042232,Vagina
763,C0270724,Infantile Neuroaxonal Dystrophy,,,,,,,,
763,,,,,C0034991,Rehabilitation therapy,,,,
763,,,,,C0087111,Therapeutic procedure,,,,
769,C3280240,"MICROCEPHALY, EPILEPSY, AND DIABETES SYNDROME",,,,,,,,
769,,,C0679309,physical symptom,,,,,,
769,,,C0221423,Illness (finding),,,,,,
769,,,C2116289,neck Muscle Tension,,,,,,
769,,,C0027497,Nausea,,,,,,
769,,,C0018681,Headache,,,,,,
771,C0001144,Acne Vulgaris,,,,,,,,
771,,,C0011991,Diarrhea,,,,,,
771,,,C0312414,Menstrual spotting,,,,,,
774,C0028754,Obesity,,,,,,,,
775,C0011860,"Diabetes Mellitus, Non-Insulin-Dependent",,,,,,,,
776,C0028754,Obesity,,,,,,,,
776,,,C0036572,Seizures,,,,,,
778,C0028754,Obesity,,,,,,,,
780,C0028754,Obesity,,,,,,,,
780,,,C0497406,Overweight,,,,,,
784,C0270724,Infantile Neuroaxonal Dystrophy,,,,,,,,
784,,,C2126231,light bleeding between periods (symptom),,,,,,
784,,,,,C0700589,Contraceptive methods,,,,
784,,,,,C0032042,Placebos,,,,
785,C1868649,PANIC DISORDER 1,,,,,,,,
785,,,C0087169,Withdrawal Symptoms,,,,,,
786,C0423086,Staring,,,,,,,,
786,,,,,,,,,C0043189,Wing
787,C0028754,Obesity,,,,,,,,
787,,,,,C0021485,Injection of therapeutic agent,,,,
792,C0220664,"BRACHYDACTYLY, TYPE D",,,,,,,,
792,,,,,,,,,C1281590,Entire head
795,C0028754,Obesity,,,,,,,,
804,C0028754,Obesity,,,,,,,,
804,,,C0036572,Seizures,,,,,,
804,,,C0332601,Cushingoid facies,,,,,,
807,C0009450,Communicable Diseases,,,,,,,,
807,,,C0234238,Ache,,,,,,
807,,,,,C0087111,Therapeutic procedure,,,,
807,,,,,,,,,C0040426,Tooth structure
813,C0042109,Urticaria,,,,,,,,
813,,,C0015230,Exanthema,,,,,,
815,C0019360,Herpes zoster disease,,,,,,,,
818,C0042109,Urticaria,,,,,,,,
822,C3280240,"MICROCEPHALY, EPILEPSY, AND DIABETES SYNDROME",,,,,,,,
822,,,C0015230,Exanthema,,,,,,
822,,,C0033774,Pruritus,,,,,,
824,C0010346,Crohn Disease,,,,,,,,
831,C0009443,Common Cold,,,,,,,,
832,C0020676,Hypothyroidism,,,,,,,,
844,C0013182,Drug Allergy,,,,,,,,
844,,,,,,,C3216018,Oxycodone Pill,,
847,C0042109,Urticaria,,,,,,,,
852,C0042109,Urticaria,,,,,,,,
852,,,C0240382,mouth swelling,,,,,,
852,,,C0015230,Exanthema,,,,,,
852,,,C0232292,Chest tightness,,,,,,
852,,,C0033774,Pruritus,,,,,,
852,,,C0018681,Headache,,,,,,
852,,,C0013404,Dyspnea,,,,,,
852,,,,,C3687832,DRUGS,,,,
852,,,,,C0442965,Cosmetic procedure,,,,
852,,,,,C0392148,Providing presence (regime/therapy),,,,
852,,,,,,,,,C0040408,Tongue
852,,,,,,,,,C0023759,Lip structure
852,,,,,,,,,C1281591,Entire face
858,C0021400,Influenza,,,,,,,,
858,,,C0392674,Exhaustion,,,,,,
860,C3280240,"MICROCEPHALY, EPILEPSY, AND DIABETES SYNDROME",,,,,,,,
860,,,C0557875,Tired,,,,,,
860,,,C0085631,Agitation,,,,,,
864,C3539909,Allergic disposition,,,,,,,,
868,C1535939,Pneumocystis jiroveci pneumonia,,,,,,,,
868,,,C0027769,Nervousness,,,,,,
869,C0042109,Urticaria,,,,,,,,
875,C0014742,Erythema Multiforme,,,,,,,,
875,,,C0158369,Swelling of limb,,,,,,
877,C3280240,"MICROCEPHALY, EPILEPSY, AND DIABETES SYNDROME",,,,,,,,
877,,,C0557875,Tired,,,,,,
877,,,C0231617,Catch - Finding of sensory dimension of pain,,,,,,
881,C0009450,Communicable Diseases,,,,,,,,
881,,,C0030193,Pain,,,,,,
881,,,,,,,,,C0040426,Tooth structure
886,C0549622,Sexual Dysfunction,,,,,,,,
886,,,C0917801,Sleeplessness,,,,,,
886,,,,,,,,,C0015392,Eye
889,C0030824,Allergy to penicillin,,,,,,,,
889,,,,,,,,,C1281587,Entire foot
892,C0033771,Prurigo,,,,,,,,
899,C0017168,Gastroesophageal reflux disease,,,,,,,,
899,,,,,C0021485,Injection of therapeutic agent,,,,
899,,,,,C1519433,Special Diet Therapy,,,,
905,C3539909,Allergic disposition,,,,,,,,
921,C0033860,Psoriasis,,,,,,,,
921,,,C0015230,Exanthema,,,,,,
921,,,,,,,,,C1278920,Entire stomach
921,,,,,,,,,C1305417,Entire elbow region
921,,,,,,,,,C1269612,Entire upper arm
921,,,,,,,,,C0018563,Hand
921,,,,,,,,,C1280698,Entire throat (surface region of neck)
921,,,,,,,,,C0040408,Tongue
921,,,,,,,,,C1281592,Entire neck
921,,,,,,,,,C0016504,Foot
923,C0042109,Urticaria,,,,,,,,
923,,,C1442877,Sore skin,,,,,,
923,,,C0015230,Exanthema,,,,,,
923,,,C0033774,Pruritus,,,,,,
928,C3539909,Allergic disposition,,,,,,,,
929,C0020676,Hypothyroidism,,,,,,,,
929,,,,,C0009244,Cognitive Therapy,,,,
930,C0242350,Erectile dysfunction,,,,,,,,
930,,,C2957106,headache severe,,,,,,
930,,,,,C0301571,Liquid diet,,,,
931,C0011849,Diabetes Mellitus,,,,,,,,
931,,,C0037088,Signs and Symptoms,,,,,,
933,C0040517,Gilles de la Tourette syndrome,,,,,,,,
933,,,C2169806,recurrent muscle twitches (symptom),,,,,,
948,C0566951,Vaginal ulcer,,,,,,,,
948,,,C0574002,Edema of foot (finding),,,,,,
948,,,C0581394,Swollen legs,,,,,,
948,,,,,,,,,C1269612,Entire upper arm
952,C0030824,Allergy to penicillin,,,,,,,,
956,C3539909,Allergic disposition,,,,,,,,
960,C0030360,Papillon-Lefevre Disease,,,,,,,,
960,,,,,,,,,C0040408,Tongue
962,C0042109,Urticaria,,,,,,,,
962,,,C0557875,Tired,,,,,,
962,,,C0015230,Exanthema,,,,,,
962,,,C0033774,Pruritus,,,,,,
962,,,,,,,,,C0031354,Pharyngeal structure
966,C0042109,Urticaria,,,,,,,,
966,,,C0033774,Pruritus,,,,,,
966,,,C0085624,Burning sensation,,,,,,
966,,,,,C1533685,Injection procedure,,,,
966,,,,,,,,,C1278920,Entire stomach
966,,,,,,,,,C1280698,Entire throat (surface region of neck)
971,C3280240,"MICROCEPHALY, EPILEPSY, AND DIABETES SYNDROME",,,,,,,,
971,,,C0033774,Pruritus,,,,,,
971,,,C0023380,Lethargy,,,,,,
971,,,C0234233,Sore to touch,,,,,,
971,,,,,C0040440,Tooth Extraction,,,,
974,C3160718,"PARKINSON DISEASE, LATE-ONSET",,,,,,,,
975,C0027051,Myocardial Infarction,,,,,,,,
975,,,C0026961,Mydriasis,,,,,,
975,,,C0042963,Vomiting,,,,,,
975,,,C0027497,Nausea,,,,,,
975,,,C0012833,Dizziness,,,,,,
975,,,C0018681,Headache,,,,,,
975,,,C0235004,head pressure,,,,,,
975,,,,,,,,,C0006104,Brain
980,C0042029,Urinary tract infection,,,,,,,,
986,C2316212,Cryopyrin-Associated Periodic Syndromes,,,,,,,,
986,,,,,C0392806,Hip Replacement Arthroplasty (procedure),,,,
986,,,,,C0184661,Interventional procedure,,,,
987,C0006277,Bronchitis,,,,,,,,
992,C0042029,Urinary tract infection,,,,,,,,
994,C0850666,Helicobacter pylori infection,,,,,,,,
994,,,C0857245,Redness of face,,,,,,
994,,,C0234233,Sore to touch,,,,,,
994,,,,,,,,,C0031354,Pharyngeal structure
995,C0014175,Endometriosis,,,,,,,,
995,,,,,C0087111,Therapeutic procedure,,,,
995,,,,,,,,,C0699819,Gut
1003,C0031350,Pharyngitis,,,,,,,,
1003,,,C0015230,Exanthema,,,,,,
1003,,,C0242429,Sore Throat,,,,,,
1003,,,C0033774,Pruritus,,,,,,
1003,,,C0085624,Burning sensation,,,,,,
1003,,,C0849959,feeling dizzy,,,,,,
1003,,,C0234233,Sore to touch,,,,,,
1003,,,,,,,,,C0018563,Hand
1003,,,,,,,,,C1269078,Entire upper limb
1011,C0041834,Erythema,,,,,,,,
1011,,,C0015230,Exanthema,,,,,,
1011,,,C0221232,Welts,,,,,,
1011,,,C0027769,Nervousness,,,,,,
1022,C0018213,Graves Disease,,,,,,,,
1022,,,,,,,,,C0015392,Eye
1022,,,,,,,,,C0015426,Eyelid structure
1023,C0033771,Prurigo,,,,,,,,
1025,C0019345,Herpes Labialis,,,,,,,,
1025,,,C0085624,Burning sensation,,,,,,
1025,,,,,,,,,C1281591,Entire face
1027,C0750466,Yeast infection,,,,,,,,
1027,,,,,,,C3222347,Diflucan Pill,,
1027,,,,,,,,,C1278985,Entire vagina
1027,,,,,,,,,C0227759,Labium
1028,C0085166,Bacterial Vaginosis,,,,,,,,
1028,,,,,,,C1253511,Metronidazole Vaginal Gel,,
1034,C0018378,Guillain-Barre Syndrome,,,,,,,,
1034,,,,,C0857127,Induction procedure,,,,
1048,C3539909,Allergic disposition,,,,,,,,
1048,,,C0015672,Fatigue,,,,,,
1048,,,,,,,,,C1280698,Entire throat (surface region of neck)
1048,,,,,,,,,C0015426,Eyelid structure
1048,,,,,,,,,C1281591,Entire face
1051,C0019345,Herpes Labialis,,,,,,,,
1051,,,C0018681,Headache,,,,,,
1054,C0033771,Prurigo,,,,,,,,
1062,C0009450,Communicable Diseases,,,,,,,,
1062,,,,,,,,,C1281592,Entire neck
1070,C0702166,Acne,,,,,,,,
1070,,,,,,,,,C1278911,Entire lip
1070,,,,,,,,,C0015392,Eye
1074,C0277556,Recurrent disease,,,,,,,,
1079,C0042109,Urticaria,,,,,,,,
1079,,,C0018834,Heartburn,,,,,,
1079,,,C0235309,Upset stomach,,,,,,
1079,,,C0033774,Pruritus,,,,,,
1079,,,C0235710,Chest discomfort,,,,,,
1082,C0571499,Oxytetracycline allergy,,,,,,,,
1082,,,C0240382,mouth swelling,,,,,,
1082,,,,,C0038901,Ophthalmologic Surgical Procedures,,,,
1082,,,,,,,,,C0003461,Anus
1082,,,,,,,,,C1552134,20s
1088,C0919796,groin infection,,,,,,,,
1088,,,C0033774,Pruritus,,,,,,
1088,,,C0085624,Burning sensation,,,,,,
1088,,,C0677500,Stinging Sensation,,,,,,
1088,,,,,,,,,C1281594,Entire abdomen
1088,,,,,,,,,C1281591,Entire face
1088,,,,,,,,,C0036270,Scalp structure
1088,,,,,,,,,C1281592,Entire neck
1091,C3280240,"MICROCEPHALY, EPILEPSY, AND DIABETES SYNDROME",,,,,,,,
1092,C0011603,Dermatitis,,,,,,,,
1092,,,C1442877,Sore skin,,,,,,
1092,,,C0015230,Exanthema,,,,,,
1092,,,,,,,,,C1268990,Entire breast
1096,C3280240,"MICROCEPHALY, EPILEPSY, AND DIABETES SYNDROME",,,,,,,,
1096,,,C0012833,Dizziness,,,,,,
1096,,,C0040822,Tremor,,,,,,
1096,,,C0004604,Back Pain,,,,,,
1099,C0270724,Infantile Neuroaxonal Dystrophy,,,,,,,,
1099,,,C0557875,Tired,,,,,,
1099,,,C0012833,Dizziness,,,,,,
1099,,,C0220870,Lightheadedness,,,,,,
1099,,,C0027769,Nervousness,,,,,,
1099,,,,,C0301571,Liquid diet,,,,
1099,,,,,,,,,C1281590,Entire head
1099,,,,,,,,,C0040132,Thyroid Gland
1099,,,,,,,,,C0015392,Eye
1103,C0012634,Disease,,,,,,,,
1103,,,C0085624,Burning sensation,,,,,,
1103,,,C2242996,Has tingling sensation,,,,,,
1103,,,C0438716,Chest pressure,,,,,,
1103,,,,,,,,,C1269612,Entire upper arm
1108,C0041834,Erythema,,,,,,,,
1108,,,,,,,,,C1278920,Entire stomach
1108,,,,,,,,,C1269612,Entire upper arm
1108,,,,,,,,,C1281591,Entire face
1108,,,,,,,,,C1281592,Entire neck
1109,C0339805,Cat allergy (disorder),,,,,,,,
1109,,,C0221161,Shallow breathing,,,,,,
1118,C0571417,Amoxicillin allergy,,,,,,,,
1125,C3280240,"MICROCEPHALY, EPILEPSY, AND DIABETES SYNDROME",,,,,,,,
1125,,,,,C1519433,Special Diet Therapy,,,,
1130,C0020676,Hypothyroidism,,,,,,,,
1132,C0042109,Urticaria,,,,,,,,
1132,,,,,,,,,C0022359,Jaw
1142,C3280240,"MICROCEPHALY, EPILEPSY, AND DIABETES SYNDROME",,,,,,,,
1142,,,C0037088,Signs and Symptoms,,,,,,
1142,,,,,C1522704,Exercise Pain Management,,,,
1142,,,,,,,,,C0006104,Brain
1147,C0020538,Hypertensive disease,,,,,,,,
1147,,,C0006625,Cachexia,,,,,,
1147,,,,,C3687832,DRUGS,,,,
1147,,,,,,,,,C0043189,Wing
1147,,,,,,,,,C0423866,Lanugo
1148,C0026603,Motion Sickness,,,,,,,,
1148,,,C0012833,Dizziness,,,,,,
1151,C1535939,Pneumocystis jiroveci pneumonia,,,,,,,,
1153,C3280240,"MICROCEPHALY, EPILEPSY, AND DIABETES SYNDROME",,,,,,,,
1157,C3280240,"MICROCEPHALY, EPILEPSY, AND DIABETES SYNDROME",,,,,,,,
1157,,,C0849963,Feeling nervous,,,,,,
1169,C1969653,MUNGAN SYNDROME,,,,,,,,
1169,,,C0028084,Nightmares,,,,,,
1172,C0043352,Xerostomia,,,,,,,,
1172,,,C0085624,Burning sensation,,,,,,
1172,,,C2242996,Has tingling sensation,,,,,,
1172,,,C0018681,Headache,,,,,,
1172,,,C0917801,Sleeplessness,,,,,,
1172,,,,,,,,,C1281590,Entire head
1172,,,,,,,,,C1281591,Entire face
1172,,,,,,,,,C1269078,Entire upper limb
1174,C3280240,"MICROCEPHALY, EPILEPSY, AND DIABETES SYNDROME",,,,,,,,
1179,C2676739,Chromosome 2q32-Q33 Deletion Syndrome,,,,,,,,
1179,,,,,C0087111,Therapeutic procedure,,,,
1183,C0043352,Xerostomia,,,,,,,,
1183,,,C0849970,Feeling tired,,,,,,
1183,,,C0557875,Tired,,,,,,
1183,,,C0917801,Sleeplessness,,,,,,
1186,C3280240,"MICROCEPHALY, EPILEPSY, AND DIABETES SYNDROME",,,,,,,,
1186,,,C0011124,Decreased Libido,,,,,,
1186,,,,,,,C0985017,Clonazepam 1 MG,,
1199,C1969653,MUNGAN SYNDROME,,,,,,,,
1199,,,,,C0021114,Implosive Therapy,,,,
1199,,,,,,,,,C1281583,Entire hand
1200,C0277556,Recurrent disease,,,,,,,,
1200,,,C0027769,Nervousness,,,,,,
1204,C1969653,MUNGAN SYNDROME,,,,,,,,
1204,,,C0917801,Sleeplessness,,,,,,
1205,C0272285,Heparin-induced thrombocytopenia,,,,,,,,
1205,,,C0917801,Sleeplessness,,,,,,
1206,C3280240,"MICROCEPHALY, EPILEPSY, AND DIABETES SYNDROME",,,,,,,,
1206,,,C0085631,Agitation,,,,,,
1206,,,C0392674,Exhaustion,,,,,,
1207,C0014518,Toxic Epidermal Necrolysis,,,,,,,,
1207,,,C0040822,Tremor,,,,,,
1207,,,,,,,,,C0018563,Hand
1219,C3280240,"MICROCEPHALY, EPILEPSY, AND DIABETES SYNDROME",,,,,,,,
1221,C0012634,Disease,,,,,,,,
1221,,,,,C0374711,Surgical repair,,,,
1221,,,,,C0152054,Therapeutic tactile stimulation,,,,
1230,C0011849,Diabetes Mellitus,,,,,,,,
1235,C3280240,"MICROCEPHALY, EPILEPSY, AND DIABETES SYNDROME",,,,,,,,
1235,,,C0849759,charmed,,,,,,
1235,,,C0027769,Nervousness,,,,,,
1239,C0456512,Sleep Starts,,,,,,,,
1243,C3280240,"MICROCEPHALY, EPILEPSY, AND DIABETES SYNDROME",,,,,,,,
1245,C3714506,Meckel syndrome type 1,,,,,,,,
1245,,,C0557875,Tired,,,,,,
1245,,,C0027769,Nervousness,,,,,,
1245,,,,,C0087111,Therapeutic procedure,,,,
1246,C3280240,"MICROCEPHALY, EPILEPSY, AND DIABETES SYNDROME",,,,,,,,
1246,,,C0557875,Tired,,,,,,
1255,C0012634,Disease,,,,,,,,
1255,,,C0917801,Sleeplessness,,,,,,
1255,,,,,,,,,C0005682,Urinary Bladder
1256,C0021400,Influenza,,,,,,,,
1256,,,,,C3275067,Cardiac Lead Procedure,,,,
1265,C3280240,"MICROCEPHALY, EPILEPSY, AND DIABETES SYNDROME",,,,,,,,
1265,,,,,C0087111,Therapeutic procedure,,,,
1268,C0000833,Abscess,,,,,,,,
1268,,,,,C1533685,Injection procedure,,,,
1274,C0031350,Pharyngitis,,,,,,,,
1274,,,C0557875,Tired,,,,,,
1274,,,C0235309,Upset stomach,,,,,,
1274,,,C0242429,Sore Throat,,,,,,
1274,,,C0151786,Muscle Weakness,,,,,,
1274,,,C0344232,Blurred vision,,,,,,
1275,C3280240,"MICROCEPHALY, EPILEPSY, AND DIABETES SYNDROME",,,,,,,,
1275,,,C0235129,Feeling strange,,,,,,
1275,,,C0012833,Dizziness,,,,,,
1275,,,,,C0344106,Sedation procedure,,,,
1277,C0270724,Infantile Neuroaxonal Dystrophy,,,,,,,,
1277,,,,,C0087111,Therapeutic procedure,,,,
1285,C0018500,Hair Diseases,,,,,,,,
1285,,,C0085632,Apathy,,,,,,
1285,,,C0012833,Dizziness,,,,,,
1285,,,C0040822,Tremor,,,,,,
1285,,,,,C3687832,DRUGS,,,,
1285,,,,,C0700589,Contraceptive methods,,,,
1285,,,,,C0679614,cold turkey,,,,
1285,,,,,,,,,C0006104,Brain
1286,C0024586,Malignant Carcinoid Syndrome,,,,,,,,
1286,,,,,,,,,C0006104,Brain
1290,C3280240,"MICROCEPHALY, EPILEPSY, AND DIABETES SYNDROME",,,,,,,,
1292,C0338467,Facial tic disorder,,,,,,,,
1292,,,C0872410,Posturing,,,,,,
1292,,,,,C1306232,Severing,,,,
1292,,,,,,,,,C0018563,Hand
1292,,,,,,,,,C1281591,Entire face
1295,C0011847,Diabetes,,,,,,,,
1297,C0012634,Disease,,,,,,,,
1297,,,,,C0087111,Therapeutic procedure,,,,
1306,C0035258,Restless Legs Syndrome,,,,,,,,
1306,,,,,C0344106,Sedation procedure,,,,
1309,C0028754,Obesity,,,,,,,,
1309,,,,,C0339897,Transjugular intrahepatic portosystemic shunt procedure,,,,
1310,C0001144,Acne Vulgaris,,,,,,,,
1310,,,C0392171,Influenza-like symptoms,,,,,,
1317,C3280240,"MICROCEPHALY, EPILEPSY, AND DIABETES SYNDROME",,,,,,,,
1317,,,,,C0557982,Constant supervision,,,,
1317,,,,,,,,,C0006104,Brain
1323,C3714506,Meckel syndrome type 1,,,,,,,,
1325,C2609259,Symphysis Pubis Dysfunction,,,,,,,,
1325,,,,,C0185060,Crushing procedure,,,,
1326,C0043352,Xerostomia,,,,,,,,
1326,,,C0012833,Dizziness,,,,,,
1339,C1969653,MUNGAN SYNDROME,,,,,,,,
1339,,,,,C0152060,Transection (procedure),,,,
1343,C0017168,Gastroesophageal reflux disease,,,,,,,,
1350,C0017152,Gastritis,,,,,,,,
1350,,,C0221423,Illness (finding),,,,,,
1350,,,C0027769,Nervousness,,,,,,
1350,,,,,C0339897,Transjugular intrahepatic portosystemic shunt procedure,,,,
1351,C0277556,Recurrent disease,,,,,,,,
1351,,,,,,,C1125978,Fluoxetine 40 MG,,
1353,C0014518,Toxic Epidermal Necrolysis,,,,,,,,
1353,,,C0233762,"Hallucinations, Auditory",,,,,,
1353,,,,,,,,,C1281590,Entire head
1353,,,,,,,,,C0015392,Eye
1353,,,,,,,,,C0006104,Brain
1355,C3280240,"MICROCEPHALY, EPILEPSY, AND DIABETES SYNDROME",,,,,,,,
1370,C0342895,Fish-Eye Disease,,,,,,,,
1370,,,C0037088,Signs and Symptoms,,,,,,
1370,,,C0917801,Sleeplessness,,,,,,
1370,,,,,C0679614,cold turkey,,,,
1377,C0012634,Disease,,,,,,,,
1380,C0024586,Malignant Carcinoid Syndrome,,,,,,,,
1384,C3280240,"MICROCEPHALY, EPILEPSY, AND DIABETES SYNDROME",,,,,,,,
1385,C3280240,"MICROCEPHALY, EPILEPSY, AND DIABETES SYNDROME",,,,,,,,
1393,C0014518,Toxic Epidermal Necrolysis,,,,,,,,
1396,C0270724,Infantile Neuroaxonal Dystrophy,,,,,,,,
1397,C3280240,"MICROCEPHALY, EPILEPSY, AND DIABETES SYNDROME",,,,,,,,
1397,,,C0542476,Forgetful,,,,,,
1404,C0043352,Xerostomia,,,,,,,,
1404,,,C0557875,Tired,,,,,,
1404,,,C0235309,Upset stomach,,,,,,
1404,,,C0033774,Pruritus,,,,,,
1404,,,C0018681,Headache,,,,,,
1404,,,C0151315,Neck stiffness,,,,,,
1404,,,C0683369,Clouded consciousness,,,,,,
1412,C0272285,Heparin-induced thrombocytopenia,,,,,,,,
1412,,,C0917801,Sleeplessness,,,,,,
1412,,,,,C0087111,Therapeutic procedure,,,,
1412,,,,,,,,,C1278920,Entire stomach
1413,C0270724,Infantile Neuroaxonal Dystrophy,,,,,,,,
1413,,,C0027497,Nausea,,,,,,
1415,C0700201,Dyssomnias,,,,,,,,
1417,C3280240,"MICROCEPHALY, EPILEPSY, AND DIABETES SYNDROME",,,,,,,,
1421,C3280240,"MICROCEPHALY, EPILEPSY, AND DIABETES SYNDROME",,,,,,,,
1421,,,,,C0152060,Transection (procedure),,,,
1421,,,,,C0040808,Treatment Protocols,,,,
1421,,,,,C0152277,Incision and drainage,,,,
1421,,,,,,,,,C0006104,Brain
1427,C0857236,rash both legs,,,,,,,,
1427,,,C0015230,Exanthema,,,,,,
1427,,,,,C0301571,Liquid diet,,,,
1427,,,,,,,,,C1279605,Entire right lower leg
1431,C3280240,"MICROCEPHALY, EPILEPSY, AND DIABETES SYNDROME",,,,,,,,
1433,C3280240,"MICROCEPHALY, EPILEPSY, AND DIABETES SYNDROME",,,,,,,,
1433,,,,,C0087111,Therapeutic procedure,,,,
1434,C0277556,Recurrent disease,,,,,,,,
1434,,,C0015672,Fatigue,,,,,,
1434,,,,,C0087111,Therapeutic procedure,,,,
1448,C0042109,Urticaria,,,,,,,,
1448,,,C0033774,Pruritus,,,,,,
1456,C0033771,Prurigo,,,,,,,,
1456,,,,,,,,,C0018563,Hand
1456,,,,,,,,,C1281583,Entire hand
1465,C0042029,Urinary tract infection,,,,,,,,
1465,,,,,C0152277,Incision and drainage,,,,
1466,C3280240,"MICROCEPHALY, EPILEPSY, AND DIABETES SYNDROME",,,,,,,,
1470,C0347950,Asthma attack,,,,,,,,
1470,,,C0042963,Vomiting,,,,,,
1470,,,C0232292,Chest tightness,,,,,,
1470,,,C0012833,Dizziness,,,,,,
1470,,,C0030193,Pain,,,,,,
1470,,,C0040822,Tremor,,,,,,
1470,,,C0683369,Clouded consciousness,,,,,,
1470,,,,,C0451615,Pain relief,,,,
1470,,,,,,,,,C0026369,Structure of wisdom tooth
1470,,,,,,,,,C1995013,Set of muscles
1470,,,,,,,,,C0040426,Tooth structure
1470,,,,,,,,,C1552134,20s
1473,C3280240,"MICROCEPHALY, EPILEPSY, AND DIABETES SYNDROME",,,,,,,,
1475,C0042029,Urinary tract infection,,,,,,,,
1475,,,C0030193,Pain,,,,,,
1477,C0042109,Urticaria,,,,,,,,
1477,,,C0033774,Pruritus,,,,,,
1477,,,,,C0018504,General hair removal - epilation,,,,
1479,C0042109,Urticaria,,,,,,,,
1479,,,C0033774,Pruritus,,,,,,
1480,C0041834,Erythema,,,,,,,,
1480,,,C0028643,Numbness,,,,,,
1480,,,C2242996,Has tingling sensation,,,,,,
1480,,,C0426396,Urine looks dark,,,,,,
1480,,,C0005858,Bloodshot eye,,,,,,
1480,,,C0030193,Pain,,,,,,
1480,,,,,,,,,C0230366,Structure of left wrist
1480,,,,,,,,,C0230446,Both lower legs
1481,C0027051,Myocardial Infarction,,,,,,,,
1481,,,,,,,,,C0018787,Heart
1493,C1969653,MUNGAN SYNDROME,,,,,,,,
1501,C3280240,"MICROCEPHALY, EPILEPSY, AND DIABETES SYNDROME",,,,,,,,
1501,,,C0015644,Muscular fasciculation,,,,,,
1501,,,C0030193,Pain,,,,,,
1501,,,,,C0849453,fixate,,,,
1501,,,,,C0204558,Group reassurance,,,,
1501,,,,,C1522704,Exercise Pain Management,,,,
1503,C3280240,"MICROCEPHALY, EPILEPSY, AND DIABETES SYNDROME",,,,,,,,
1503,,,C2242996,Has tingling sensation,,,,,,
1503,,,C0220870,Lightheadedness,,,,,,
1503,,,,,C3687832,DRUGS,,,,
1503,,,,,,,,,C0018563,Hand
1503,,,,,,,,,C0006104,Brain
1509,C3280240,"MICROCEPHALY, EPILEPSY, AND DIABETES SYNDROME",,,,,,,,
1509,,,,,C0152277,Incision and drainage,,,,
1514,C3280240,"MICROCEPHALY, EPILEPSY, AND DIABETES SYNDROME",,,,,,,,
1514,,,C0015230,Exanthema,,,,,,
1514,,,,,,,,,C1269612,Entire upper arm
1515,C3539909,Allergic disposition,,,,,,,,
1516,C0035078,Kidney Failure,,,,,,,,
1516,,,C0015230,Exanthema,,,,,,
1516,,,C0033774,Pruritus,,,,,,
1516,,,,,C0013806,Electroconvulsive Therapy,,,,
1516,,,,,,,,,C1269612,Entire upper arm
1524,C0032285,Pneumonia,,,,,,,,
1524,,,C0043144,Wheezing,,,,,,
1524,,,,,C0152054,Therapeutic tactile stimulation,,,,
1524,,,,,,,,,C0040408,Tongue
1524,,,,,,,,,C0031354,Pharyngeal structure
1525,C0042109,Urticaria,,,,,,,,
1525,,,,,C0087111,Therapeutic procedure,,,,
1526,C0004623,Bacterial Infections,,,,,,,,
1526,,,C0033774,Pruritus,,,,,,
1526,,,C2242996,Has tingling sensation,,,,,,
1526,,,,,C0204774,Soaking Procedure,,,,
1526,,,,,,,C0790321,Azithromycin 500 MG Oral Tablet,,
1526,,,,,,,,,C0230461,Structure of left foot
1526,,,,,,,,,C1184743,bony process
1530,C3280240,"MICROCEPHALY, EPILEPSY, AND DIABETES SYNDROME",,,,,,,,
1530,,,,,,,,,C1281591,Entire face
1533,C3539909,Allergic disposition,,,,,,,,
1539,C3280240,"MICROCEPHALY, EPILEPSY, AND DIABETES SYNDROME",,,,,,,,
1540,C3280240,"MICROCEPHALY, EPILEPSY, AND DIABETES SYNDROME",,,,,,,,
1540,,,C0518214,Perceived quality of life,,,,,,
1541,C0038757,Allergy to sulfonamides,,,,,,,,
1541,,,C0027769,Nervousness,,,,,,
1542,C0019693,HIV Infections,,,,,,,,
1544,C0039082,Syndrome,,,,,,,,
1546,C3280240,"MICROCEPHALY, EPILEPSY, AND DIABETES SYNDROME",,,,,,,,
1546,,,C0917801,Sleeplessness,,,,,,
1546,,,C0027769,Nervousness,,,,,,
1555,C0033771,Prurigo,,,,,,,,
1556,C0042109,Urticaria,,,,,,,,
1556,,,C0221232,Welts,,,,,,
1556,,,,,C0021485,Injection of therapeutic agent,,,,
1556,,,,,,,,,C1281591,Entire face
1560,C0042109,Urticaria,,,,,,,,
1560,,,C0221232,Welts,,,,,,
1560,,,,,,,,,C1279153,Entire cheek
1563,C0017601,Glaucoma,,,,,,,,
1563,,,,,,,,,C0015392,Eye
1571,C1535939,Pneumocystis jiroveci pneumonia,,,,,,,,
1571,,,,,C2709207,Rx therapy,,,,
1573,C3280240,"MICROCEPHALY, EPILEPSY, AND DIABETES SYNDROME",,,,,,,,
1573,,,C0150055,Chronic pain,,,,,,
1573,,,C0030193,Pain,,,,,,
1573,,,,,C0087111,Therapeutic procedure,,,,
1581,C1969653,MUNGAN SYNDROME,,,,,,,,
1588,C0149931,Migraine Disorders,,,,,,,,
1588,,,,,C0087111,Therapeutic procedure,,,,
1589,C0149931,Migraine Disorders,,,,,,,,
1589,,,C0018681,Headache,,,,,,
1589,,,C0030193,Pain,,,,,,
1589,,,,,C0152277,Incision and drainage,,,,
1589,,,,,C1142085,Migraine prophylaxis,,,,
1589,,,,,,,,,C1281590,Entire head
1593,C0043352,Xerostomia,,,,,,,,
1593,,,C0232602,Retching,,,,,,
1600,C0017168,Gastroesophageal reflux disease,,,,,,,,
1600,,,C0221423,Illness (finding),,,,,,
1600,,,C0042963,Vomiting,,,,,,
1600,,,C0027497,Nausea,,,,,,
1600,,,C0858665,stomach burning sensation of,,,,,,
1600,,,C1579931,Depressed - symptom,,,,,,
1601,C0558385,Disorder of neck,,,,,,,,
1601,,,C0221423,Illness (finding),,,,,,
1601,,,,,C0185773,Operation on neck,,,,
1601,,,,,C0087111,Therapeutic procedure,,,,
1602,C3280240,"MICROCEPHALY, EPILEPSY, AND DIABETES SYNDROME",,,,,,,,
1602,,,C0042963,Vomiting,,,,,,
1610,C3280240,"MICROCEPHALY, EPILEPSY, AND DIABETES SYNDROME",,,,,,,,
1614,C3280240,"MICROCEPHALY, EPILEPSY, AND DIABETES SYNDROME",,,,,,,,
1618,C0014518,Toxic Epidermal Necrolysis,,,,,,,,
1618,,,,,C0034991,Rehabilitation therapy,,,,
1622,C3160718,"PARKINSON DISEASE, LATE-ONSET",,,,,,,,
1622,,,C0221423,Illness (finding),,,,,,
1622,,,,,C0204558,Group reassurance,,,,
1622,,,,,C0001701,"Exercise, Aerobic",,,,
1622,,,,,C1522704,Exercise Pain Management,,,,
1622,,,,,C0679614,cold turkey,,,,
1622,,,,,,,,,C1995013,Set of muscles
1622,,,,,,,,,C0423866,Lanugo
1631,C3280240,"MICROCEPHALY, EPILEPSY, AND DIABETES SYNDROME",,,,,,,,
1631,,,C0150055,Chronic pain,,,,,,
1631,,,C0030193,Pain,,,,,,
1634,C2979982,Vaginal Hemorrhage,,,,,,,,
1638,C0270724,Infantile Neuroaxonal Dystrophy,,,,,,,,
1639,C3714506,Meckel syndrome type 1,,,,,,,,
1639,,,C0012833,Dizziness,,,,,,
1639,,,C0030193,Pain,,,,,,
1639,,,,,C3814046,PAD Regimen,,,,
1639,,,,,C0152277,Incision and drainage,,,,
1639,,,,,C0439631,Primary operation,,,,
1639,,,,,C0024875,Massage,,,,
1639,,,,,C0020699,Hysterectomy,,,,
1639,,,,,C0557061,Discussion (procedure),,,,
1643,C0238644,"Anemia, severe",,,,,,,,
1643,,,,,C0021485,Injection of therapeutic agent,,,,
1644,C0032460,Polycystic Ovary Syndrome,,,,,,,,
1647,C0272285,Heparin-induced thrombocytopenia,,,,,,,,
1647,,,,,C0021485,Injection of therapeutic agent,,,,
1647,,,,,C0152277,Incision and drainage,,,,
1649,C0019345,Herpes Labialis,,,,,,,,
1649,,,,,C0950540,CHAP protocol,,,,
1656,C3280240,"MICROCEPHALY, EPILEPSY, AND DIABETES SYNDROME",,,,,,,,
1656,,,C0596601,gastrointestinal gas,,,,,,
1656,,,C1291077,Abdominal bloating,,,,,,
1656,,,C0751372,Nerve Pain,,,,,,
1657,C0013182,Drug Allergy,,,,,,,,
1667,C0024198,Lyme Disease,,,,,,,,
1667,,,C0221423,Illness (finding),,,,,,
1667,,,C0030193,Pain,,,,,,
1672,C0035258,Restless Legs Syndrome,,,,,,,,
1672,,,C0087169,Withdrawal Symptoms,,,,,,
1672,,,C0027497,Nausea,,,,,,
1672,,,C0392171,Influenza-like symptoms,,,,,,
1672,,,C0085636,Photophobia,,,,,,
1672,,,C0018681,Headache,,,,,,
1672,,,C0023380,Lethargy,,,,,,
1672,,,C0917801,Sleeplessness,,,,,,
1672,,,,,C1707814,Dose Reduced,,,,
1672,,,,,C0012358,Dilatation and Curettage,,,,
1672,,,,,,,,,C1184743,bony process
1673,C3280240,"MICROCEPHALY, EPILEPSY, AND DIABETES SYNDROME",,,,,,,,
1674,C0154723,Migraine with Aura,,,,,,,,
1674,,,C0028643,Numbness,,,,,,
1674,,,C2242996,Has tingling sensation,,,,,,
1674,,,C0018681,Headache,,,,,,
1677,C0149931,Migraine Disorders,,,,,,,,
1677,,,C0221423,Illness (finding),,,,,,
1677,,,C0042963,Vomiting,,,,,,
1677,,,C0012833,Dizziness,,,,,,
1677,,,C0042571,Vertigo,,,,,,
1677,,,,,C0021485,Injection of therapeutic agent,,,,
1677,,,,,C0441610,Reduction - action,,,,
1683,C0149931,Migraine Disorders,,,,,,,,
1683,,,C0239649,Numbness of foot,,,,,,
1683,,,C2242996,Has tingling sensation,,,,,,
1683,,,C0030193,Pain,,,,,,
1685,C0003123,Anorexia,,,,,,,,
1685,,,C0085631,Agitation,,,,,,
1685,,,C0020175,Hunger,,,,,,
1685,,,C0497406,Overweight,,,,,,
1685,,,C0012833,Dizziness,,,,,,
1685,,,C0751295,Memory Loss,,,,,,
1688,C0263940,Curb,,,,,,,,
1688,,,C0037088,Signs and Symptoms,,,,,,
1688,,,C0150055,Chronic pain,,,,,,
1688,,,C0030193,Pain,,,,,,
1688,,,C0085593,Chills,,,,,,
1688,,,,,C3687832,DRUGS,,,,
1688,,,,,C0439631,Primary operation,,,,
1688,,,,,,,,,C0018563,Hand
1688,,,,,,,,,C0423866,Lanugo
1688,,,,,,,,,C1275670,Collateral branch of vessel
1693,C0851578,Sleep Disorders,,,,,,,,
1693,,,C0042963,Vomiting,,,,,,
1693,,,C3714552,Weakness,,,,,,
1697,C3280240,"MICROCEPHALY, EPILEPSY, AND DIABETES SYNDROME",,,,,,,,
1697,,,C0030193,Pain,,,,,,
1698,C0022104,Irritable Bowel Syndrome,,,,,,,,
1698,,,C0042963,Vomiting,,,,,,
1698,,,C0027497,Nausea,,,,,,
1698,,,C0027498,Nausea and vomiting,,,,,,
1698,,,C0683369,Clouded consciousness,,,,,,
1706,C0028754,Obesity,,,,,,,,
1706,,,C0036572,Seizures,,,,,,
1706,,,,,C1522704,Exercise Pain Management,,,,
1708,C0152227,Excessive tearing,,,,,,,,
1708,,,,,C0079613,Adoptive Immunotherapy,,,,
1709,C3280240,"MICROCEPHALY, EPILEPSY, AND DIABETES SYNDROME",,,,,,,,
1713,C3280240,"MICROCEPHALY, EPILEPSY, AND DIABETES SYNDROME",,,,,,,,
1713,,,C0683369,Clouded consciousness,,,,,,
1713,,,,,C0751363,natural remedies,,,,
1714,C0270724,Infantile Neuroaxonal Dystrophy,,,,,,,,
1717,C0149931,Migraine Disorders,,,,,,,,
1717,,,C0042963,Vomiting,,,,,,
1717,,,C0027497,Nausea,,,,,,
1720,C0035258,Restless Legs Syndrome,,,,,,,,
1721,C0149931,Migraine Disorders,,,,,,,,
1726,C0149931,Migraine Disorders,,,,,,,,
1726,,,C0019559,Hip pain,,,,,,
1726,,,C0234238,Ache,,,,,,
1726,,,C2242996,Has tingling sensation,,,,,,
1726,,,C0004604,Back Pain,,,,,,
1726,,,,,C0021485,Injection of therapeutic agent,,,,
1726,,,,,,,,,C1280541,Entire nerve
1726,,,,,,,,,C0019552,Hip structure
1726,,,,,,,,,C0016504,Foot
1729,C0751753,Carbamoyl-Phosphate Synthase I Deficiency Disease,,,,,,,,
1734,C1969653,MUNGAN SYNDROME,,,,,,,,
1734,,,C0221423,Illness (finding),,,,,,
1734,,,C0027497,Nausea,,,,,,
1734,,,C0018681,Headache,,,,,,
1734,,,C0016382,Flushing,,,,,,
1734,,,C0028084,Nightmares,,,,,,
1734,,,,,C0184958,Toilet procedure,,,,
1734,,,,,C0679614,cold turkey,,,,
1738,C0004135,Ataxia Telangiectasia,,,,,,,,
1738,,,C0221423,Illness (finding),,,,,,
1738,,,C0042963,Vomiting,,,,,,
1738,,,C0000737,Abdominal Pain,,,,,,
1738,,,,,,,,,C0018563,Hand
1747,C0001144,Acne Vulgaris,,,,,,,,
1747,,,C0344375,Stomach cramps (finding),,,,,,
1747,,,C0024902,Mastodynia,,,,,,
1751,C0020624,Hypomenorrhea,,,,,,,,
1751,,,C0312414,Menstrual spotting,,,,,,
1753,C3280240,"MICROCEPHALY, EPILEPSY, AND DIABETES SYNDROME",,,,,,,,
1753,,,C0040460,Toothache,,,,,,
1753,,,C0030193,Pain,,,,,,
1755,C0014175,Endometriosis,,,,,,,,
1755,,,C0030193,Pain,,,,,,
1755,,,C0026821,Muscle Cramp,,,,,,
1755,,,,,C0021485,Injection of therapeutic agent,,,,
1757,C2979982,Vaginal Hemorrhage,,,,,,,,
1757,,,C0312414,Menstrual spotting,,,,,,
1757,,,,,,,,,C0042232,Vagina
1761,C0362046,Prediabetes syndrome,,,,,,,,
1761,,,C0033774,Pruritus,,,,,,
1769,C0028754,Obesity,,,,,,,,
1769,,,,,C1306232,Severing,,,,
1771,C0033771,Prurigo,,,,,,,,
1771,,,,,,,,,C1278920,Entire stomach
1771,,,,,,,,,C1269612,Entire upper arm
1777,C0149931,Migraine Disorders,,,,,,,,
1777,,,,,C0087111,Therapeutic procedure,,,,
1781,C3280240,"MICROCEPHALY, EPILEPSY, AND DIABETES SYNDROME",,,,,,,,
1781,,,C0948396,Frequent headache,,,,,,
1784,C0028754,Obesity,,,,,,,,
1784,,,C0030193,Pain,,,,,,
1787,C0037315,Sleep Apnea Syndromes,,,,,,,,
1787,,,C0030193,Pain,,,,,,
1789,C0029408,Degenerative polyarthritis,,,,,,,,
1789,,,C0030193,Pain,,,,,,
1789,,,,,C0079613,Adoptive Immunotherapy,,,,
1789,,,,,C1522704,Exercise Pain Management,,,,
1791,C0149931,Migraine Disorders,,,,,,,,
1791,,,,,,,C3536400,metoprolol succinate 50 MG,,
1793,C3280240,"MICROCEPHALY, EPILEPSY, AND DIABETES SYNDROME",,,,,,,,
1793,,,C0231528,Myalgia,,,,,,
1793,,,C0030193,Pain,,,,,,
1795,C0029408,Degenerative polyarthritis,,,,,,,,
1796,C0272285,Heparin-induced thrombocytopenia,,,,,,,,
1796,,,C0239266,Pain in elbow,,,,,,
1796,,,,,,,,,C0022742,Knee
1797,C0149931,Migraine Disorders,,,,,,,,
1800,C0263776,Coxitis,,,,,,,,
1800,,,C0234238,Ache,,,,,,
1800,,,,,,,,,C1269078,Entire upper limb
1806,C0011119,Decompression Sickness,,,,,,,,
1806,,,C0278145,Stabbing pain,,,,,,
1806,,,C0085624,Burning sensation,,,,,,
1806,,,C0030193,Pain,,,,,,
1806,,,C0455270,Sharp pain,,,,,,
1806,,,,,C0949766,Physical therapy,,,,
1806,,,,,C0184893,Emergency operation,,,,
1806,,,,,C0002766,Pain management,,,,
1806,,,,,,,,,C1281586,Entire thigh
1806,,,,,,,,,C0022742,Knee
